name,url,group,filter
City of Toronto news,https://www.toronto.ca/news/feed/,toronto,no
Toronto Open Data (newest datasets),https://ckan0.cf.opendata.inter.prod-toronto.ca/api/3/action/package_search?sort=metadata_created%20desc&rows=20,toronto,ckan
Ontario Newsroom,https://news.ontario.ca/newsroom/en/rss/allnews.rss,government,yes
Public Safety Canada,https://api.io.canada.ca/io-server/gc/news/en/v2?dept=publicsafetycanada&sort=publishedDate&orderBy=desc&pick=30&format=atom,government,no
Health Canada,https://api.io.canada.ca/io-server/gc/news/en/v2?dept=departmentofhealth&sort=publishedDate&orderBy=desc&pick=30&format=atom,government,yes
CRTC,https://api.io.canada.ca/io-server/gc/news/en/v2?dept=canadianradiotelevisionandtelecommunicationscommission&sort=publishedDate&orderBy=desc&pick=30&format=atom,government,no
# Environment and Climate Change Canada (no working feed found yet),https://api.io.canada.ca/io-server/gc/news/en/v2?dept=environmentandclimatechangecanada&sort=publishedDate&orderBy=desc&pick=30&format=atom,government,yes
Natural Resources Canada,https://api.io.canada.ca/io-server/gc/news/en/v2?dept=naturalresourcescanada&sort=publishedDate&orderBy=desc&pick=30&format=atom,government,yes
Indigenous Services Canada,https://api.io.canada.ca/io-server/gc/news/en/v2?dept=indigenousservicescanada&sort=publishedDate&orderBy=desc&pick=30&format=atom,government,yes
CBC Toronto,https://www.cbc.ca/webfeed/rss/rss-canada-toronto,news,yes
CBC Canada,https://www.cbc.ca/webfeed/rss/rss-canada,news,yes
Global News Toronto,https://globalnews.ca/toronto/feed/,news,yes
Global News Canada,https://globalnews.ca/canada/feed/,news,yes
CTV News Toronto (via Google News),https://news.google.com/rss/search?q=site:ctvnews.ca+toronto+when:7d&hl=en-CA&gl=CA&ceid=CA:en,news,yes
Toronto Star GTA,https://www.thestar.com/search/?f=rss&t=article&c=news/gta*&l=50&s=start_time&sd=desc,news,yes
Canadian Press via Newswire (Canada),https://www.newswire.ca/rss/news-releases-list.rss,news,yes
Google News: Toronto fire,https://news.google.com/rss/search?q=%22Toronto+Fire%22+OR+%22Toronto+firefighters%22+when:7d&hl=en-CA&gl=CA&ceid=CA:en,news,no
Google News: lithium-ion fire Canada,https://news.google.com/rss/search?q=lithium-ion+battery+fire+(Canada+OR+Ontario+OR+Toronto)+when:7d&hl=en-CA&gl=CA&ceid=CA:en,news,no
Google News: 9-1-1 Canada,https://news.google.com/rss/search?q=(%22NG9-1-1%22+OR+%229-1-1%22+OR+%22911+outage%22)+Canada+when:7d&hl=en-CA&gl=CA&ceid=CA:en,news,no
Google News: emergency management Canada,https://news.google.com/rss/search?q=(%22emergency+management%22+OR+%22Emergency+Management+Ontario%22)+(Canada+OR+Toronto+OR+%22Ontario+government%22)+-%22New+York%22+when:7d&hl=en-CA&gl=CA&ceid=CA:en,news,no
Google News: wildfire flood Canada,https://news.google.com/rss/search?q=(wildfire+OR+flood+OR+evacuation)+Canada+when:7d&hl=en-CA&gl=CA&ceid=CA:en,news,yes
Google News: Ontario fire marshal,https://news.google.com/rss/search?q=%22fire+marshal%22+Ontario+when:7d&hl=en-CA&gl=CA&ceid=CA:en,news,no
Google News: urban search and rescue,https://news.google.com/rss/search?q=(%22urban+search+and+rescue%22+OR+HUSAR+OR+INSARAG)+when:7d&hl=en-CA&gl=CA&ceid=CA:en,news,no
Google News: disaster insurance Canada,https://news.google.com/rss/search?q=(%22insured+losses%22+OR+%22flood+insurance%22+OR+%22catastrophe+losses%22+OR+%22Insurance+Bureau+of+Canada%22)+Canada+when:7d&hl=en-CA&gl=CA&ceid=CA:en,news,no
Firefighting in Canada,https://www.firefightingincanada.com/feed/,fire_ems,no
Canadian Underwriter (via Google News),https://news.google.com/rss/search?q=site:canadianunderwriter.ca+when:7d&hl=en-CA&gl=CA&ceid=CA:en,insurance,yes
Artemis (cat bonds),https://www.artemis.bm/feed/,insurance,yes
NIST news,https://www.nist.gov/news-events/news/rss.xml,agencies,yes
UL FSRI (via Google News),https://news.google.com/rss/search?q=site:fsri.org+when:7d&hl=en-CA&gl=CA&ceid=CA:en,agencies,no
NFPA (via Google News),https://news.google.com/rss/search?q=site:nfpa.org+when:7d&hl=en-CA&gl=CA&ceid=CA:en,agencies,no
USFA (via Google News),https://news.google.com/rss/search?q=site:usfa.fema.gov+when:7d&hl=en-CA&gl=CA&ceid=CA:en,agencies,no
PreventionWeb,https://www.preventionweb.net/rss.xml,agencies,yes
# ReliefWeb (no working feed found yet),https://reliefweb.int/disasters/rss.xml,agencies,no
Urgent Communications (via Google News),https://news.google.com/rss/search?q=site:urgentcomm.com+when:7d&hl=en-CA&gl=CA&ceid=CA:en,agencies,yes
Natural Hazards Center,https://hazards.colorado.edu/feed,agencies,no
IJDRR,https://rss.sciencedirect.com/publication/science/22124209,journals,yes
Fire Safety Journal,https://rss.sciencedirect.com/publication/science/03797112,journals,no
Safety Science,https://rss.sciencedirect.com/publication/science/09257535,journals,yes
Disasters,https://onlinelibrary.wiley.com/feed/14677717/most-recent,journals,no
Risk Analysis,https://onlinelibrary.wiley.com/feed/15396924/most-recent,journals,no
Journal of Contingencies and Crisis Management,https://onlinelibrary.wiley.com/feed/14685973/most-recent,journals,no
Fire Technology,https://api.crossref.org/journals/0015-2684/works?sort=created&order=desc&rows=25,journals,crossref
Natural Hazards,https://api.crossref.org/journals/0921-030X/works?sort=created&order=desc&rows=40,journals,crossref-filter
International Journal of Disaster Risk Science,https://api.crossref.org/journals/2192-6395/works?sort=created&order=desc&rows=25,journals,crossref
MDPI Fire,https://www.mdpi.com/rss/journal/fire,journals,no
Prehospital Emergency Care,https://api.crossref.org/journals/1090-3127/works?sort=created&order=desc&rows=25,journals,crossref
Natural Hazards Review,https://ascelibrary.org/action/showFeed?type=etoc&feed=rss&jc=nhrefo,journals,no

# --- added 2 Oct 2026: policy, technology, community risk, communications ---
Emergency Management magazine (GovTech),https://www.govtech.com/em.rss,policy_tech,yes
The Conversation Canada: natural disasters,https://theconversation.com/ca/topics/natural-disasters-1172/articles.atom,policy_tech,no
Google News: community risk assessment,https://news.google.com/rss/search?q=(%22community+risk+assessment%22+OR+%22community+risk+reduction%22+OR+%22hazard+identification+and+risk+assessment%22)+when:7d&hl=en-CA&gl=CA&ceid=CA:en,policy_tech,no
Google News: public alerting,https://news.google.com/rss/search?q=(%22Alert+Ready%22+OR+%22emergency+alert%22+OR+%22public+alerting%22+OR+%22wireless+emergency+alert%22)+when:7d&hl=en-CA&gl=CA&ceid=CA:en,policy_tech,no
Google News: public safety communications,https://news.google.com/rss/search?q=(%22public+safety+broadband%22+OR+FirstNet+OR+%22public+safety+communications%22+OR+%22emergency+communications%22)+when:7d&hl=en-CA&gl=CA&ceid=CA:en,policy_tech,no
Google News: emergency tech and AI,https://news.google.com/rss/search?q=(%22emergency+management%22+OR+%22disaster+response%22+OR+firefighters)+(AI+OR+drones+OR+%22artificial+intelligence%22)+when:7d&hl=en-CA&gl=CA&ceid=CA:en,policy_tech,no
Google News: resilience policy Canada,https://news.google.com/rss/search?q=(%22disaster+resilience%22+OR+%22climate+adaptation%22+OR+%22disaster+risk+reduction%22)+(policy+OR+strategy+OR+funding)+Canada+when:7d&hl=en-CA&gl=CA&ceid=CA:en,policy_tech,no
NENA (via Google News),https://news.google.com/rss/search?q=site:nena.org+when:7d&hl=en-CA&gl=CA&ceid=CA:en,policy_tech,no
EENA (via Google News),https://news.google.com/rss/search?q=site:eena.org+when:7d&hl=en-CA&gl=CA&ceid=CA:en,policy_tech,no
FEMA (via Google News),https://news.google.com/rss/search?q=site:fema.gov+when:7d&hl=en-CA&gl=CA&ceid=CA:en,agencies,yes
Domestic Preparedness (via Google News),https://news.google.com/rss/search?q=site:domesticpreparedness.com+when:7d&hl=en-CA&gl=CA&ceid=CA:en,policy_tech,no
ICLR (via Google News),https://news.google.com/rss/search?q=site:iclr.org+when:7d&hl=en-CA&gl=CA&ceid=CA:en,insurance,no
Canadian Red Cross (via Google News),https://news.google.com/rss/search?q=site:redcross.ca+when:7d&hl=en-CA&gl=CA&ceid=CA:en,agencies,no
GDACS orange and red alerts,https://www.gdacs.org/xml/rss_24h.xml,agencies,match:orange|red
Firehouse,https://www.firehouse.com/__rss/website-scheduled-content.xml?input=%7B%22sectionAlias%22%3A%22home%22%7D,fire_ems,yes
Natural Hazards and Earth System Sciences,https://nhess.copernicus.org/xml/rss2_0.xml,journals,no
Risk Hazards and Crisis in Public Policy,https://onlinelibrary.wiley.com/feed/19444079/most-recent,journals,no
Journal of Homeland Security and Emergency Management,https://api.crossref.org/journals/1547-7355/works?sort=created&order=desc&rows=25,journals,crossref
International Journal of Mass Emergencies and Disasters,https://api.crossref.org/journals/0280-7270/works?sort=created&order=desc&rows=25,journals,crossref
Environmental Hazards,https://api.crossref.org/journals/1747-7891/works?sort=created&order=desc&rows=25,journals,crossref
Disaster Medicine and Public Health Preparedness,https://api.crossref.org/journals/1935-7893/works?sort=created&order=desc&rows=25,journals,crossref-filter
Journal of Risk Research,https://api.crossref.org/journals/1366-9877/works?sort=created&order=desc&rows=25,journals,crossref-filter
Weather Climate and Society,https://api.crossref.org/journals/1948-8327/works?sort=created&order=desc&rows=25,journals,crossref-filter
